old_commit,new_commit
000857e0a418d0068a84b22bbc71bb974ffd1e6b,37fe6e0bc7eb11604216e68396de281c5636f153
001996877f9355ac65ffaba404aa907b8a884d62,4e8d72165544ecfe3890dc840a278d9d22d97265
00574ca22a3c77568e817f31c6da6966a9c240e3,f96641ed836443d6b273b4f05fb7a244be95d967
0088dc0cf5466d18b74a34a064e28e215e7ba9e1,28c31f74a12414133e64756453d4d8c8fda4a54a
00e16d70e53b229dabce1231bd3172dfeb7ea4c2,3e572583be93e5f97c57f1ba9e93219b0661ed13
017c20bada674294a917029c07ee36509ca38a3b,e817022d190b567ff25b934f8b8ad07b8d11543b
0197654bfcd9c8f7a9c7d44cbf3fdce2d72fe674,20b83f0b8339d1eaec4a52e277ecfbc6b392f06a
0273491cf6074346076c40dd5ecb3f35bb288d96,cd4315a259006373344a6d2345236e80da78a183
031ba27e16db5fc0cec9ad7a130624fa568946dd,8a755c4a2576ca064f122c0ec0d93dc30375205c
03e3cbbe1699d001fdfcea567ddf087012bd4c2a,512ab619a954d70230bae0d60ce45d12db66737b
03e48216daff7e99e323590dc9dc3de0801336cb,eedb6e87b1c2ad5dffc12727ecba1190edc52d2b
04661e602f7b455ea0913b0e1df473c50586d056,60a5b019015d86aaea6551769b0e3794f4966135
0551a2d799163db21facd5e9ffd07123e66be41f,ae84b9b1b88ece48a8ba90e0442271530eb8d965
07821f022e161b916f3575321f49b201a78a4c5c,5737c262ab910559bbef0e826657a051faf9a010
07aa21f9bda3cb8f39ad837fb286e622fe274306,11c222a16f3a0eb5f125471daad2942901a985c3
07b5287937b9788fe82ddd7548a2fa3a49898d1f,37a32d510847d700e4b5c4abed140aab8a855a34
0849f4d85843f7637aa95d22ff847b83bf2e6a77,a740cf5030addd2b25ff8abe27b77fb507765bdd
084ecf5a255a1c83ffe5e954a8c2268ca79b2093,73a3ff80bf13324d9cd4d3d410607465acb41303
08b0680ea5ca8d51619c15f028ea555d1943356e,5806110473f4ec49b9ff96f640e5d54df9cd48a0
092f83d0444e8d0873a2210cc986582b8800b01e,36503e9563f101484f832f04afc302f8c0fd5fe5
09a992026dd368a40ddf28afe924f6c3e68cbc31,5f21199ab1c24ea6b4119807af84088a94f66e64
0a50e784defb9a5f4dfcc0702b8b297c29099992,c1eec950e57e3fafc45d813bed777cf3a4ded744
0add89b3041733af1fe6d355be4ca220bf5b4f25,48b72dae726fbb4e3079bf1fde2274f70df2de5b
0b79edf1a8b48fc840526ac92dae9131bf63a772,18ffd9a844d4308b3e70595ebb378bb4a46644d8
0be9de3bdf2bd1b676034aa3f112800ae72db6d8,0c495c44b14bb77345e9f16af47ea57f152c19ce
0c61f359d9aef09ef47c53a3015edc1b6a661731,18c9c2e87c8e939dbb015ba58800f2fcb566ff4b
0d5ab1936e6312d30689722c4be24504c5f73d0b,5ca369fd977fca031857817c13c90df6c0c11202
0f46271b2936146debb57948d49425c7df816231,2e3589424f4c732b3c1e23f20794918658b0a703
0f5625f5ecac8ca127bfe52965a18c5c1a67bb24,a556118bd92ab158d7a12876f1bdaeb00309900c
0f5a6774b5e15d69d37d69df6deaee4d71ab8d2a,017e7dd01e0a7cc7ec82e3c9691bf663c4786c2d
1068c549e1d563a3003d34cdbc9157ee03b61eeb,c054d5507ff47174eec934db3718b92641746c64
10a091dd1b24d4d7b6b05ebd663be979b17f75b7,587091cbf25515fab7fc3a251bff4f8064570187
10b2df5a86fdd021b15f4a8ae87051a9f862d545,14fafbd71bfd56edc6b2a5a7ee153472a63ce1e5
11499a32d79645eec4bfdf7d4766e73dd18d65fc,11aec1e84026f81f0c721424c46b30305aad6ec1
119fc55aa2f9da4c9de1f3c15fc18d6081f36323,b1e9eeb3e350a18b5e70773810c6b6f793ec6574
11bcb439867419700f6a21b61ab4360c6bc2fbab,8ec71d4f6936c18f034c983aab8f30aa5f9e0f52
11bea3ea60bb248eed3cb2661cee7beb0e3ea3d3,e7b3f7172d331a04a180ced951e40010d9fbf94a
11d384fa15ab6724e093c8dc2c2fab5ec7bdae77,bd4f25a99bc845915222075d50815256aa73e008
11d6c02f93ef97d366dd259b37f0cd174b1267f5,4dd2997b3540c57f47fd31bf445acc0191939727
12446f0d7525ff7217a3dec7a7359c0c38a8992d,bb62f9dda65be707441fe46c2331739a424c4037
13d0c76d3bb31bebbe222a86d2c01a58557dd66e,a4b486e00e1b94c2d0d9ced318ef4944d1e6d467
13fc81a8ec8adf4a79a77e659b50c478bb300bb1,5edff98ab9abae07a52907c77adf9b1e3cb34513
143423c21300ecd9cb4b1f7da85efc1adc130fac,b6e8c2325d612c0e5a4cbaf0dd95de32dcca0a18
1457f7e6b17d0f76bef23044c7e2647ec7b606c4,516f9d34ed7b50e33265ddabb5a35f94042b6317
14f204fdb837ec48d4ac909b6893009be7649934,a915f06d39f3443ec6d8a45e249b65b17a3b82f2
16911e3804d65015f39f562958fe8bc233251ecc,a6660cd87b29c6da5b88f46530ae30040ce28f0e
16f4578174cd00822b70664f0e997dd35c942525,4dbd22fade396a33efe9dafe90305ec4d1de04a0
170a2fef14f70bb5969ec4d4e904ebebf1bc5e5a,f177b8189c3e9d3f370027ed0e93200c3997199b
1770033916d19419d658cc11aa06bbdbd8797fa6,e1fe9dd13ffa9436a7fa16fd9ba76b51594fa512
17b3ca40172006bc0fe36365a81862044618d1eb,3e15e73d369424ac2c1e6e2905902024d7608939
17ebbf5e004ddcb3836942768a74cf6352825478,9fa66b8f17af03be989705e4ae578c0655198e74
185fdb9b8a0bad6bf126af19d7b5519aa26ff52d,66259eba2001b69d86c09ddc038f0e48d0b4fd5f
190487a8eaa341de525c65247b4a0fac195a5d2f,d148ff7888d0f84c1b13a5e01f407896a26b2324
194111e29cf3c4d28c61c7dc1259d7fe831c283c,170ef15ccaff3f2c75a8980e5b8a666e0db4a381
19c7784d7c3239e735897ec0994adde457aa404b,067333afdd3f49a43bfc534972e2b9662e9b087c
1aaa490ba584ad70fdea13c5a23b5ad61185463a,824a52d9e7bb3c016b50669bbd3883660f8731f8
1af68ee17dd9820e1812c784c7c4be46ee6d7564,c17a90451032254b269699ed07c0937d5fd33a48
1b78d851223c935292499ae0b9f205d9e617e79a,d65515d864f5d3185dc496679d3ad8f6c32ca04e
1bd514275f378ff4ae00ede72d82bbdb5d66e03a,8cd6b4b2f94e95ce89ac2f4f35dd5606a3c0b210
1db81df51388439f5e763ec6b429fb71fe8de962,1dbbfcb49a7e0263ad76c9961141e973d99ac396
1e85d888b6a2d3987e8c019def17e294710e1d81,ec09303a291ab4eb99bfd1d5ec3bbc7b5c105387
1ee2bf05f7086020eaaa43e2656c847fc7488b17,4a801f7f25fc2af5bdbacfbbca1ada9360b24baf
1f19aca15e4994c4ad3fe5aad87e8f8ddec0fa1e,ab3ae5cca6b033a81c4e7818afb9c2fc03c32127
1fff43f09eea4f0463c7e08e571525e7dac64aff,57b78858f44b6a31166531939ffa28a303706500
22473f571609754bedba9969b0026d2e89e31c6c,85f650ffaeec6905b74d5e89de117d7b5efa9c8a
22f8fb2cd0a5de6299191728715134577e98607d,d05a0fcf8ea7633f7b061d85b39dae7faa5042b5
232a84d7808ccde5cef9d33ca9b3cc6c8832842f,1b0ef999a2110d7d1b5c03bfc6c6cff9674d08ca
236a2ac56355ae6498321061e05c63b1571283fe,708faa5a57f2ac8b2d6ddc810652ec8c926a9b62
23882ccbdc5c779aec9d337f53532501b3912400,b616678b47913a1f2b0dcc29437628bdbd8c8350
23ee9a9278e6b037bfc77dba71021eba0df1d570,596ccdef6634d4243de17afb133813fa1bb18c06
23f892fa185abb50ceb735418447a2f67cecd2b4,831d233d9cb83b049ae3cea73fa0b3284a25e81d
24f12c83048af115d4a9804c2711bf40a7ddf439,a5c9beff83556efbadd555fd61df33a89838ae47
2641445133685323bf28ac46fce0e67c66abc7ac,b91fc9a03fcfcf31c57acf61cadd3d901aa34348
2684deaf356e83c19f9bf975905ad6e50843df33,153b1099edf65e7d5ecaeae44d21454912f1553b
26d88f0cd254f52f145d0eea84da2b064fbbe51e,e75829cf598cdc3b24a5db8ec6f93b0b1cf81d8f
274e757943934bce25f50ada34e4400fc1a94bb9,2a3d3f0ee48829c125ac9663195ad5cc37ad456f
29217120046504f73c9d7707d2a710637800ebd5,5c8dc25a170f57883efd5c5093856793a0f81b15
2937975c44b9e15b8bd68ded4bd34a9d7b37ec29,9e1e5691a2e3b69ed077997b9b93adaf6d1716f4
29dafe6dc2d279a289b1b240e3c6a09143a8f52b,17911126d7818d9cf931533a47f1c5b63e74c83f
2ab8e2ef4f938c419bfa1d39995387630b6f7f5d,b9fd1d1eaa05be5610d0a3648ea4e6ed929e7e7b
2b0f1453acb572c5fc97a8cbe46eb8d8ccbb0a90,6e799df2abb87e225ee0e86634c41c8db5f710fa
2b4b30880515e6407ffb3d78410e37d30e93240e,0c2bc6d9dbaba88e6e790712bea136a0dbb178e9
2be1b0aefcfb83d6be88b8fe41e667aa620afa8d,52e89f5e103e51eb8f0c19eb33f25296699a4440
2c69783ad508cbb146edec469c6587a3243a3cd3,206f135bb354136a69ca4ca64679f244923db2f3
2c7b20ad4d7280a60a01e6a3667548ee7604542e,a8ae9cc30314795c45d771fb0002421148fb0386
2c9d5254472db27e6a3e061b1b304751f7655505,8e7e70c5906f9c21876e13bc6966514eaa5929c7
2e2afeb9f891284d37644fc614dee0e589806ba0,a62f95635f1deb9f3ba806c93c7907158e00cdfc
2e737130526ca83b1d5eef336809527076005c7b,0b23002439836abc78f0b0d8946943ac8d6782b5
2ecc5b6d692339d99d3b990c2a52bd74be14b474,d7119fbd2c5615395515fc7020558711cb2d4d1b
2f1291524224fd32f2d31105e4a6fd1e15d14fdf,bb48db89d0e10c7819d43492c414593ea348a0de
2fd77be1e32c8bf8da7e94bc00a2ee1348ba9d03,43ec5c8feaf640890e103d0a32a61f4e60283610
308f107e911425bd19fe1b555ff6ab1a9a78afc3,44b347ac81a5e1e1bbba4c8cf1f8316cbcfb02c1
31469e6ea1577ddbe66008edcd228766c42d3e1c,a97ada4613830b9cd66033d26a9cd329c1ed16ad
3193b59814180eb4a72dac0654c4c8f2884a06f6,89a041e636cdf3d24ed2157dc284b027b583d637
31ee3b33bdd179c7cd57ea30e946c55fe88181b7,231d9dc7d9f461314a8b6882e67f1aa132648de7
32152c88f8195f255e040482cd5f29c0cdab9610,1ac5ca7601712a65351eb989e4fe0b5b41877917
327e7b165314109a4b97a6cb0f3422f313f07ab6,5d8c0057eeffbb7199afc1818e637f19bee45700
32f15fe092aee0ded448bb12717842a0786755b3,490af6a8d2988799dc4676c53a58178668462626
32f8ff3db74d117f57b1d482c3fa481d55b7bdf7,53cfef6a139a6c9341d9180592254849fc319516
330bee186b443c0eb4730c091efc7a3fac8b505f,d1343500c7451f65d4de7a233831e750e62467eb
3310d57d1e35285776de761cdb965ff772610259,edb3fb809e3f8201539e6c865f5c185a7ff5af4b
341cacfcff01eacaf186d3cc1c5238140a872aaa,a0f33a7f520648fed7c176ad4ce38f959bb45680
343e985a0cb137a610301a6b222008f487de75b7,a3abae40ed1ed8ed45f28a8155b1c5816c779274
3458dcec839a698d6b6c7c95078707db289144e5,9153ac613c010a8c8cd5aa6dcda5d04531556d68
352a3ce606b514ccf6250f4e2b087b09ef432fd7,f395ae147a8de408064886978c45a90877f936c1
358556238af4c20ae66ec5f1bd4e663139b5ff5d,6ea7d8d745d282001c989b440bec5a52f2592f98
36b09effb7aeb3f09ec6998409b5b2742f728b5c,13463382e499dc41fe908fdba801b24f336b65dc
36fac463d95bc2d9cbb4af688e5888925a414967,5d1f13a80a5aadbab82f485e6e01ea34caeef8d9
3733f44e43c0c227fae395d833b8aaab461f4770,ac7b419b01dea5539031173b66659e3d71227ab8
3869f1ee014dd41f17c9e7e295ab4da33cd79fb6,5c10b58c299c56dc22c71e8c1d8ca19db532c678
38f92fe8e12c51213b45533ce97723da2bdf43d8,e45fe64258a3cabdb7d2efe60f4a4bac34842bd9
397228f21a2a96462f7396546c09bed7b87ef8de,5882c91a15958f5a08be225fd05a175395c0ce7f
3b1fafa98343025befdf6ff912a736bc1e5aa746,89846f9f6c4284713bdb99b865ab7912f183e5d0
3b36c5ef5c2f4c4f36d382756e65db7b3be098a4,f2c4ff2ea0f0ac6f647af997259098a2049b5085
3b546092feabb3c7e30ab12f00852fc2ef853bd9,5ba0d2ecb4830a5cff7049ac32ed11657ea5c9f4
3c4167c246b92f2d980be20bfa99465fa988802a,c3c2d6859d6dc249ea17f32a468d2edbe1f057aa
3d72955b97cdc4a875088c30a4c51f6939eb70c8,536458038051a02ade61bfbda86bc5b5373188eb
3e4a2cc2748d5138e28fa5b31afda18c32887655,747c8bb48bd85b14aeb4559aba410ebffbe97b98
3e6001216efe35c25592f1e8e369fa1965433dd3,b7142aecd4e1a0620c8331bd8eb694037b450ba5
3f1cdea6b4b3a73670322a93ad7cad625ac4886f,a8dada6e514f6e1dfe4af8dec42f1dfe258ffe4d
3f2a24f2252a7504e6490bb30d3a065096eaaf39,34164b27b3ae13b9ee3f4b7fd00566bce07db336
3f4a20b38ad58ac5019eb194156ba5f47bd2c104,0e091dad493460bf70d29d60281cd56733d5709f
42bc69fe506d1c256cb0646bf99d1433fc1223b7,b3d1d5c048f2b37b5278dff40472063c7f2e73fe
42e0a5606846bd55964cd6cf367ee17395d864e3,045833c955a6379418f36fca99268f8f93bf8c13
42e63222ae867e243e9f8b8bc3b9e999dbef9685,0a84ddb8cdeabde47341db874f776ddce7d8dbad
432cb13d38f1ea6ae7d6e92ca951d8e4517a6f5b,492b37e7472c33f45180d51561b6a4b7c09fe6a6
43ae02f2b68f05996ec289e190482c827341a7fa,4ea377f1c886881f3bc7ffb477ae1354f8875aa3
43af8ef8aab8b99c54a094907f48fa41f05aed8c,4486bfb1d851bd0e0a73555dd843cbb1a86b609f
4472fadf2f2135358e2963139c4fc18ce84341bd,9d46c321a58f796b550f453b57b2c80c9b850088
449c7642b9974aa837b9b3abab61fd66ee1d98e5,69efd690ff5c78a9ce69d27c1353a85633011f08
44c0b93daf2329ecdcff9ae1de3c4b205fc17cb3,c098b00e74156af185aebb75670bd777b653263d
44c15cd78da0b5d86177d7096464f1196679904a,17b0d55f46147a659b31a119d1ff7c7301151e61
456e4b0ddb64920185e85ae812fdab5aa41872c8,0437df9649cd7bd141a63add96632eb375f2a57e
457b0956f85d06bcc3fff62d0b3b0d9d9b6c5f5f,b67c1bd531645b80c02b56594a5417b5de06d9b0
46838f2bd51d0c9b79effc270b26d19ac1386af5,6166c2420ef7929cb1fb917178d0e1d7f94cf80d
46e8057a2465a6af764bbea2f85ca5462419b12a,09ee5b975931f7eca153cc6cd5d689931fde8ae6
46f013716e9ea7c01bc7302279a867e07b35faa1,21ca73af3c9303605ac6f0be94ffcd7ddea70c4a
47882c8e7dbce0269475ff1e4e499cff1a304d84,104cc012e1f64ca09efdda87e71b1c48a68007e4
47b523ad0322efd341c1c75c3246660ef6ca6fd4,5a8ef8e78cdce2832c8138b0ba5ecea9278a5172
47de1753926876e3eaf9caa259a75540e5a761d4,89726e75670225653f2b31b1a866340621fa29f3
48ff74bccdc53da1227d6a4041e4599b7674c1ca,926be55ddeed6458f10cfc703a6e7671ec5a8fd1
49202dd20b7cb2313dc0eb11091b346a3fd43bcb,f32346b1d0702ef67a67bcb8b8bb818ee3ad6484
497e2e3e6f889c987097725dbbc1209e989a2f11,50d1bf0673a0988ea92e74e3ed70aaeb36ddd6c3
4a19648d176022f5152e18112043294399cac5fb,256f7f5f0d1b86fd0b41454dc62c7ae0310d12e5
4b3d6ee699dca8834f7f90ff9c678207838981bc,40035536dd78a6b100e09e5330569b8a28ac6965
4b6d7cb73c1561334e6efef620533105e70752da,2ac16a4a0f3fd7efa9ed9d9cc19740d168ef8c77
4bbab2bba56a180cbcae17c4a4c2a377754e06fc,c3f8d6270a2a12499b74e79bd9d01c2394ec3c56
4cd1be644e288c4d5f61744b6c17b48ad741d6df,a67c393a2aa1f4ee545f057fe7c5edc6c11ec190
4d381268d13d69412ed0f39975de82b2a5147cc9,80afed1ed4803003d270759f877d41984a857547
4dbf811e8b93983758dad00df8dfeb208a31e1d6,3a3fea8db72b2a7dd3df7849fb32f82af089f9fb
4efffb6837e19743656f6c2a076ed339743d232b,d6710a81f73ee2bcb9013fe502996410e4a47f43
4f925cbc546d090d74200758afcbd48180dad869,dac339ee6ccd40b09d28b620d636b4dd9ad4c744
4faac78b01d5b23b1076bfe422f324d8a6455511,a5f45f0f0d14d5202c3ec70a3d7f087a8e603367
4fc99184a349b446b26d1a63513c40ce9b4264a5,bbf41e569643ec3f53fdac54ada2b2ff93d38a12
5020ee7a265502a3996e463f79d23c0785274e91,3f3ed8f59c687bee4d5bb0a942b5e97e2a5c2548
503f048d44766af9081e6d3816e87c02e54d12b0,33a2228f8debdb03ffd2baf465e409dc45ab2d3d
508fb04bc1a02c1579b711aef1b36b42ed6cfc7f,31b706390295c6726ed5d97bf58f4e13f687a3c4
50e826dada7f41a6a46f6847ea2732c40257e0b9,19ca3ee621e3a3bcfb4d69af2b416cb365b682f7
51f318de75e0509d67dcc6c9724ff81f6bcb4a60,1159a9416ce0983ddff3834d98041a1a3295e8ee
5417d24bd274432e724c9e9513dbfb3e83ba8f61,3ea8d987f974e6821c8205044d4ccaa61c1e4c2c
54d3eb8e5a214cd1c1982df32c366cf3539850c8,858d89fedbce177577b67ea6e6d92ef597662d35
5693836c31358710a962d28f7b83c151d07267ad,7ce6d5a7ddca7523c199f44cfbb4cc076c73327b
575d0c8a6a9665933af7427bedb7b89fc547d5ae,10831936396d094072306eefb8413d67c9a5a615
5827ba657161a32d7832f538fba74c8ee00b58d2,3844d5881abdfda4ba32354d8365643e3cd304ab
586d59efa2057afc1a20d0770dfed1189751da35,6e657523612cdb392c36ff8b91c190bdd7a4d1c9
5aeaa433e20dce4311e0d740d7d5e1fec1971d55,85c79fb842140d652874a526df77ea43189b5fb1
5aeddb4e656c284fbb795fd59ba5b4b2f783b9cd,05f46bd7d059da7ff771a0318692b1281b7418ec
5b795c045de48fdf768f641a80a080cd02c5d92e,80af6b295459ab1b9772a2a3bda009ff667408c6
5b8f7b315dcf380714b89aef30450501916b72b4,f80f06678d39fd04f6513b0e048f5c0c7ded43ae
5c1b28d142a7f4699a812b3bb5e88af92f429ca6,cb3ff9a0924da90f3eddb6e7ad56e720a164a897
5c3c6c540cbddb6dfc6ca7c85df9dfbb9c0b06cf,b2c9e2849fcf556282901a81c3e713c52467a645
5c5108890624a66da454cfd5fae024c251be33df,860a37afe7cc0bc609f48d0e8d1716083b8b5426
5cd5a7bc39afc1f50ef96f584f077fc5f9676bd4,a603480cc4a27b5bf04a0b0fa60395d93df8a991
5d0e99c31dbeb72bfbf236c22df22969bd7c7412,d7e208292d516ef8eca83049ea8ded39540bcc29
5dc173ebdcb56425341493481346f212074871dc,3eeef0852def4acddda0147d964a165725e492c8
5f479cacfb807960031cf9e7ea97764f8672ef0c,1360648e35e76db3642f6e1b0650311902d362df
5f8e487332a4b898c839782f11b7121116545c1e,10672a82b3a18197b6c5cb9859e0fd0b5265d394
5fa9ce4ac4c495eb6287bc2bf57fc69097bcbd57,3480b983d091b8b48831700ed02230ef8ae326d1
6116958ccf25021a8c19cb7c80b49d27a5735506,abef7f9617902980b5b1cfcbf93b619f2b9c1ca4
61ddd0d822bf3774051990ff5ebabb1e757973df,96d344633f9350e7c37237a4915d01d9a1ddb218
623c96c17326acd61630a11b5a2b23d566d12676,93e0fae0bafe1acd09e741f0f9a3c86f9245c984
62ae80096bd4fe98092c8901a12ff2cc20b90776,0f2bd36e7a9b68405c7c4df169829ce4bdc9fb8d
630ec11cf7225a9c887411390b2d7a63509fe38c,46a56227dab195ae9a0bd6740786d387fc5aac13
6373ca8d9379463fa54987f6be7d934ad603ea32,1bf3ed7689d0b12f3f7fa4cb1a35978b448094c5
64059caa8f5fc21e13ba4a4d96d724da5ddf6023,41b889092215b09cb42975f306fd3db4c7c8dd3f
64349649654e25974d78ecc4ca84041005650dc0,e3828bf2c1e658fe10503bf9884049e3ede278d4
6457073efe8b17b6c7da6a7c2f2a2156e1cf488d,d431c4f94b9aee74a297b18b3227db9b7de85c7d
64ccba35d1ecf78b4b221499bf6e56b68f50cc24,94c932d8d9ae15552908a91b10e9714696414af1
65399d928cd70ac3e9d15e53eec6b2c1313cd611,2ce688502e31083f02e08fe563c3ba6e197f53ee
655c3d489f7587f6e2dc5ef0251fa822c6e2f2b2,27cb5e924fd11c30726981376b8351fdfda6b94d
65a1539056f4364a18aac3840199ae34f7b4ed87,848bf2a4046926790c160ad52868a41712fa8f53
65ea0ebcf88152889279c07b6d1254a4f71e933b,d292e2cc84547da004b6f3f2fc675333df79d198
6604a8c66cc33be4bbc0b466923f6e2196fc4222,ffb2e93f9f73e084e2ccd78b819b66faac23ebbd
66080f2010a37f5c4a5d256cd7dfd3167b458eb3,bd879c7d3ffe87442a76794de9ace29240295974
67a42539bbf6e9705aabdd290abc114db77e1d7d,0a13507e9855d57f7b9ca41f36dd3ca50cd573dd
67e357eef11a2ad34e85d72c37d88f4413cbf816,e5ac4990236a065df829c37168b60f7d362921d3
68045b8b51e7d079d48199ec0792f4a4a19ae02c,d4b0c5a2ead56f0af17c0b44d96273b06a766292
6817c994882571ac2370699e560a0c97d47a33c2,87fa50d1f33e29169b53d510cd07bcbe8c73e0fc
68bd301e2068f9c2acf95d4c9be9f31b02d4b9e9,fba21523a1bb5e697098bd3de5e9f16d0cd6d91a
6944931131616cde955ab55aaaf8f65faa6ec909,03f1b793e7f8c65177f821b70730b71f0fecbed1
6973d98d9b62b74a0f5908ca4c4a426912a611f8,e61874202635c8000201c8383fe752a750a7ad1c
6a165424d57bc90666772664dd1513c17ca90378,16921a6369d0bf4da6733d333afaeabc8011f9dc
6a2f24f6dd1754e5e41cdaa5d7b834556db3a33d,051ac9f9539a3a3718defa159d8b882104013063
6af1030fab2884c8404c96d8c3be22c0baf8a631,e0ece057ec48f70949742f2ef634d420aa064199
6b796cb2e96af04a5be28fe0dae9cbbd965e7288,bc8ff0fb941765c8f04c3b198f92545b6cea773d
6b79c192417faa9c0c4cec131ed305f44284e339,cfd9f50dd7c68098567d562f6ad1bf216e75ee13
6d26c95338f12e1dfbb50846a3e1257fa583a44a,a1311bdb7b9dae1768be99915cbd6e1cb18ef821
6d7018da6f62d553c14494389e8ae2b6b7e463d7,2dcb07aef2dd8b8a7415f8224bc3dbb9b35d56c5
6d827cd0e63849a3d9870077efde8d2573b113b7,9fef7d5fb9cb53d7bc7857f5fcce025a3ee399f4
6df824fbe67462b40f69027d5b91d87e49846ecd,4eca106bed773f8eb2ea7048b02eca16c6cb0d3e
6e2562167a55e4c0485c1ddd3935e345feb73e51,d058f6b97f7ef5f8ba56c0b682ca1963e02372f7
6e56b214db9d334e2febe1b65589806eeeea3b6a,c469dfa10f586b490c7c37ff4fc43f967f3fbb77
6f13c18042cd9f0e442b3fa719e1318b64987c0d,af2957f68e8bb4473f25fab659162a664250c5a5
6f2a7d38a21911829d5ad434a7fc3c23bcf043e3,3b5b53082dae2c6d4169ecec215eea8484162d48
6f74866c7cba5e1ab720c5a7db59e1c677f3c353,31767137febb52ca94dd8920b926f648e0b5de0e
6fc845650d2170ceae5e546382181fe987969a9b,e03b85a41424830db5bbcef0c8b58f646438978f
70109300d8a5b6a7284768051ed5006d7d99be4f,ed3cf5d03290858d6274ee3f4f3417e092618a4e
713e5f555ebb8e6bfd677b0b45aa126a85274fb4,2a039262be7f35b7d090bc08aa0ec55966f250f9
714df9907b288070fff6d265e3e71cdf44f821a4,998f6a85281cfc3532ec08e47ce8cb1192890f51
71b2bbb701dcd829913cac87185a3e6d5b75677b,393d8b92289e4b081cbc0cfeab4f47b86d7794f8
71bebba9c0b98e6185177b1ff501b23e9e555ee9,8b48f22f06420c129dbd6fd2371146e9af5c6370
71f9f5c4752415dbe44b8a78a530e112cb6d96f6,5dbdbca1a9952ac2cae39f6c27913119db8cf90f
7223c23097557e154ee3c6393a15a011195005bf,b570a0d87b594e3fa04141007544fc738e230df5
74307ae2848101809e9ce3e4870cf1e9e6d92af4,6e5152d5da9fa4f0461dedffff9402988b83b9e2
748ec92e541a5878ce9dffaecd0e7971c268e227,64ee532f85749c02d8376728088ce4f78b5e10bb
75577715956b3c16fdc45402390130bcf5fbb1d8,b069058a3ea971933dcc90d9293157d4addbbf5c
75e16629d9cef72a531a32df25a56dc67b246f62,8b2eb88ea3a868b936e12408d5cb0897ea1ffa63
773f346e8c4a66638f403346d1ba55cd88140bb9,e1637b3d83f4fa5bc4a8a5f5f35f7025a4190bd2
78443f809de587c3304eed213b97609bd3e7bd2a,91f3040e70601fc44c490477a9ca4a497a475833
785cb33ac55f4afa6570826538f2be9fbd443af4,08f49a86a29692cac78ed9de4533f3276dab3493
787253daa78a5bbe2690a6ed65b776fcadfc39ec,5b463ee668b15d1837733705fe14abcf41d5f314
789ff2dd5deb25d1858ca592ecf351b181b677f8,638ea92be5a26ce175513074d075b793c2e82303
79545aef76cd349996c3c4351efbff41e404624c,3f9f55fe4344e64fb1f444b26e19a08476619ed5
79d0d970118d4f9d55a733edd3daba02acdfe096,4cced625be5156d783baf0bfdaddb566cea0a7c0
79fd04cef4e0802c7497ca681fe39472e23a13d8,86c75e12a33345e47c260ac64dd7a970da0d0a6a
7c02e87d7cb6441be8159396b05a99887349fb8f,bd593a3fad04e78f8da971b63ed86bd79d7e8fd2
7c10fcb61784ef3b533c0d1ccafd69bb26f943a4,10df258d40505377e604c4d970cdb89e0fb5939f
7d679b0fbeeae68d3f6d3101ebf00f0683fba58e,9a24f561c728310a19c8f300b5150c59439a8a44
7d820223f238eebfe1dc2b8bc2c4179ab96dbd0b,4c86dc7e78fe19c9dc9e15b95df408a2ffad5801
7d8d2dcde3a19d79bef0141b6f8df9ce705c1235,cf030a63c1dda70f2704cabe01f16951b03b201c
7dda936867be62c4cccebd6795d002e163042ad2,5c656af1145b8f71da9b0a7ba7db0cb354a495d3
7e7928100a2ba8ceeddea6ff3c56d07118b3d83a,2040928a1d545a87f7542a556e30e39196e7d688
7ecb52b59f6d193de5b4e812fd98f41a7e681c30,183fdba0c16f007e3668032715baba70afda6dfd
7ef24875cd0a157a7bae1ac5fac955cdc28dcaed,b6c187e9c115e663b67e9b0329d04a0200f869bb
7fa4f857930e939f77abdbb0853cfb4b9a4c8ee1,232ff18134cb82405b215ba5dcf12cd6b957e6cc
7fd0150537bcd9528569c8b75a18a5680182cd22,91383f2ff3f693d7fc56c943d2465c7d2667ffc3
80a5e47d32329ca721b438b99d0a2a09ec4c58a6,b5febf9925d62a35f974b126d10b99ddb86e2b8f
80b79299d513efb697529f40b687761dab9dd13d,5b544428ebf4e4bc5010fe752d630b794bb086f4
80bea6a2ed2270e0b90cd6c690003b8df649d201,9d001d685852004582bb3aadee972165add5b7e6
8129283c6d1d8af0a798541d3fba4239957d2071,8fe8742e08fd035dcd489e38e495193a5f8e4553
825c500468fe3707bc9733b6c8d9e404fa96abcf,2be64fa6e9fb0ae9cfb100fe4afd82f1d834310c
8282a9578ccb3bb9791326233a7a1a2510c4c8a1,3aa0680140e92f91159dcbc6ed80e10632a3f7bd
830874692cb20b736c6d2a56b4a164241b14b691,fafe6c117866b486fcf39f9b61c6b0437137f295
830f1da04797cdfd5c72370f15e65ed058d9dffe,fdf0a8d94a8b34ea635d30e342088d48a8d48864
83ef49c911530fa8d54267b327c9db1735a824f5,9e49b08e58d6cbd28123761266181eeb9025be08
845fd82da31718f63fbf8ab4c040f6339010a2d1,e01b192e6f1c2e7d589db47785026d133b91af0e
8486f981bec9cebbd8ad6b9872048affa9510851,df6153d6024cd8f5a821c7f6dfc5a34d501b0496
848e813fe3a639013d9da7de252a87936f92017c,ef74c449a7802f0aa9a5334a43b601c8de6b98e8
85174be0f594b9399d2377ef8b864249e6f28d3c,156998b8415e302ff54efad1a29342a7759565eb
851ed0675d79e665630df8ad4bae5f5a5b7162c0,59810916ce1133229f30679230a6401dd9ed0216
85371d002d8ad8f1c08d3c0630fe2cc033499f2c,7712dd6c02be899a0d2ad10b065cdb4bd71d127d
85ec80cd9501f398b24a6ddf047a250d085603d7,357c9d3f295b1e3fa7211e2b6c9142efd01ebb24
86020a1527cb25e9c5a5f95cb65aef77812a6d1f,49891494386a076af825911dff1e0742a0f2141e
8691ba6f6c848e456f189acc58e52538547521d0,e438bf2f6a35788ef6d856a65cc128d3ac73e51a
8757539c6681ac803fc153a5fa5d0f761151d31b,e97541922bec923e0ac85352fd053ca4cc63500b
876b2844c7a72e4ad7e9b97b6d758eaea9e13523,e381304747382d93c1e748c24ac39a2c291b2bf7
88d274b660e1d707a3b46f23365dc5d838d042d4,cb131608a5494cb46d8c9fb0130db711d1a3865e
8a81fba82d22a0cfb31c4b9b4afe01482fa3cfbd,18aadcf81b7a8c8158e54437addfddc80f3e77c5
8af219fbae8b48c49abcde7cccba9c0252bac02a,41d2ae4af545cba7c8d7946f78a6bddf1438e156
8b41baf19e44cf75e6fa7790b591c275944a0b4b,d700ac4457b9be8614048e49dd203dc25f0ac491
8b59836b999603f97ac4bc0c44d7f25c19f2cca4,1bed8328be36ebb2de4668e8fdb8a87c6a754db0
8b63171d5e3ab9fb7954f82e2bac3adf58e16b3d,8888863f9f406cddcc5e585e8a7c81cec02abfae
8c5e220749d6f33b27bd68578fa036a96d1b3c8e,8bf19c6faa725f72cfc003968edd0cb5ab632b53
8cba136b6db41ecd61eb9d2e6a0965a7eaaeb50c,978b6916b0a8e720869bb23709ce8f7318519467
8e5db897c33db5552955d5461c4e252e09623daf,14fea92f5a7b390f667e1fe444cd5856e5984841
8eae27815b2636b756200a92b673ef1ccab3c4a7,e86a15322417e59497b522fbdc5fc538913ab3da
8ef3e0865d961916a6cbcf9ab5876fa5aea2764b,4dc05e56068e2d16a3b7d35facf5dcf5b57a2566
8f4a7dbbc12080fd755cf2e6f8bbc072b7675dd9,44da7fed169735af48029d16338c42d9f1511cde
8f5b208dc79ebddd95061e81a17e0d1a33db47c8,bb3a291d7d1a2cb5d4f9672d869a7e740e69a63d
8f8a3c5b76e3d51da6bbccf4c6551eb94ebbb5a7,063cd8dbe97678df35e1df530e4d35e15b82baf6
8faed96910d9d23de2b902894b60ec53abe634a8,4e36c7290db363687ebc306cd068eedd920c9885
90189fefb8797101e5304f43a3d0918690beb600,94106032333739a7b328b050d7332ce69fe9fb57
90947a4919cdec77e98737b60948f4d9ca2e6a18,6172c857f70aa592e7f4701b1449793538b2c5e8
918d373c27c7c5bb2dba3ab83d9ca2a605f85537,684d5d61c8015d2eeb569c946d81d7ecda4630d4
927cddfeba919d4849b29027183028a3dc578be2,534cfaf83fbaaf4d9a51d1715a97bd2bdf33ac6a
92d86bd4f1826de4f160250cc24990ad487d9046,cde5c2ef91c7ab7ee1628874dbb26d13628fb4c2
92db2c04927a855b3a2e3575e60cd6b9ab8c2ff7,6c6df9b092fd32689a965283aa00971ffcc0838f
93a60783e364ef54be02002a9de43683f59f3521,2654d7f38f5f8a38d305da57000a0a338ba34ddc
93c0aeeada5ae704198c5b3758601988a28fd46f,faa3a82c9309e70ef9c8570c382ea933e381c23a
93d1062443fff5e80596a24e80b792edbcb495b8,3313fb58527a40cd17952c66c94e64041500b6d3
9540c7af86a8799cd28a89b74ef7ee1799c213b8,47a8054c13bff6a14c09d84e0f7341ffa831a6ee
97d4f502967bd7e7353d0acd39121a248d3419ad,160937b38da6dcc75c566587a2cae78b844c404d
9873608166134a09ad72d38d807cf0a222321a32,064d461d1b6f5b76675755e965ceb3ff7c7e2d98
998bbe8aeea2a3ba404836ae076feba16b11404d,b79723ddaaad1acf9bd6a61f4f98725d7455ae83
9af64a9e79f4e38a980727bd7cf34315c6ccfd79,8834e0b903093be5dbea295af75c3908b1e164d5
9b011a10f82e1d59792a323d2a474e6c43a53670,bc41c507c9a28573b60640d7d24c013f2d03e4fe
9b1b4448544665613b5a304960c879af121e7b97,f3206b396bc8aef4cd4ad88d356c60cc87d3a4d3
9bc6b700dbc11abe0e18f941260d9f4c866d0d00,88642f1470dfc1cc75258212296c1ee7e9c362ba
9c792a1a6f65b42835e76e539494c87c26d2ae38,3f0daaf7fa2294d75f5f6b69b9623c8731796ea2
9cb11ea5b9059bcdd2e942edbd0ef421f9870349,65c9bbd8e3a8df378000af9e20f3b476e9066f34
9cc725224daaaac5093e4852436de2c2f691dceb,665c9af69cf04c27365e483abe60e8f99b6471a5
9cd22301b37e94e41f215718f0e2802e1156cbb4,ed271ca3b2651dacb7df01419cb2360256eab53f
9cd9399e052042b63b7abdbb720ba5d925003890,0d9ce8d26533716c97e67acf8cad75108c9c7397
9d1f84adfea4d29a8d147cf43b1f21f491e98982,9d75460857d52f74e21a5ba993e7976b094fba70
9d5511d804e276bddd995f1f6e6578c1d5d326a0,11dc97141da4d3fbea9b9321129d57cdcff9c2cf
9e62c05f259bb1569ecd666bc0ac446339fd131a,797a188cf7090342311412d5a99d4fab95c818fa
9e73b079b79a1ae50f0d4744342f34f607104262,82e5479eae542ddb608da41e4269d6ce34293bfa
9ed69c6beef7d44bc524cba50ed5555c7729389e,54e8a9cf58e8c7d1b5c7210d53580662cd33e947
9f95e7ebab3d505aeb662fcf2ad96adc3b594d99,85175111a4e9d0306db9d3f07a16366e124fad67
a01574919dfb8f55c801a3590ccfb23e44de5daa,497666a48b73875de2033ceb8fd38ea49ab4c153
a08e81655042200212e5aa7d8bdf9da978e449d3,d1d60dd34ec0676aa32cca79b51c40b669a1e711
a26dc805529d6fd831c00ecd140d368f17394e16,4d0c2aa470d996521417cba4f10ece1852afbeba
a30fddca05810838c083c0d1833cfbe1c8ad6561,6cf433d69e64c119fb751e01db97a90f2acf3fa2
a38209b7caacc6a9b578c86763ac18290129d492,40a2453c431b82f2026ee10e7a44a022979e9c68
a3df582007e1b78f77ff00185cbc75e584f47cad,55625384def17588d9fd9bc9203d8cc2292d3de3
a50e5537437d4535b7600962e34a713ff9cc332d,f92ff531bd83a8751b4489b1979f1f9a3e06d2b8
a535a2441345b4e5656652f04a937055d12a6fbb,80164d4e016ed75382bdfbca383c6a5b2d969801
a6f7b7db9750a9430f3a3a5dca9fecdf9e706cf3,7f30c9e9b23adcb41d9332b68d2916610a9ca0b2
a7230a89b185ddb887b0da3d54e5839e7a311aba,185cf01edd1c232be7880e4260011c561ce7b7ac
a789d22447b2953e46f1e642b3363ddef840a1cb,8fc798f83f6f8c2f791086d6764e1b03d41ab7df
a7a49fc74e96df2ccc4e8298c1f1c429cd77bcbe,67a05d5ee1342e97e99b954764179a84c176a5d5
a91d8ced2bf539d30b5baec575eae12d54084478,dd087bbc8093c6b1b577c8f803f7c59cd512b47d
a9fd0b44d6f37e49d778f6d07f0105662ec93bd5,cbd2fbee77e151b95ff19b1ee4f97f8838c0763c
aa7c5823679e944c81edc1c32aeb72bbaf810383,c1aa40d78b1bce3f02906cf734c276cd475ddf7e
ab08346f35d20654100e0a7005eca24320ba010f,e57b871b0641bf44d97fa13dbbe24cf5e12530cd
ab1953801f62c99610e461df22fddadd76d088bd,28a3db03bb8d7728fadedb75b51f5e9e2877bdb1
ac099302bb49642a97ce6d5d71dd2457dd7b9f7b,c9e9b67c9165534e62f383d12766ba67a17abe55
acc7b71e80e71906b8b77a2584bde0c0286a280d,a9ac13def26efbc378879e43a4f6c87129bc6667
acedb8e2c765ce38ea8a56498943c73a26e0d3ed,3393edf5616775224a8cf5e9d8e1f3dfcd4d71fa
ad12308d6298ace57b3436bcc9f5a4c4d651bcf3,7c784038527e22b37a7f89e4838950ea6bfe033a
aead16ad28c35fb4cfbe6ec74bac84090ad589fd,9d70d852f0de94a46dc722822b9b19356e214fc9
af16a40155d47d86242f8e5c1f863f3ffc9904b8,0d9c96a0086925f14596915aca96165c1e88858d
af23fc9c21c918edf98525303b286f3589ae3493,0aec495f694acf020712185b4a85247de6240621
af386e553dcd1c4d3109814b9836f62af71cdf55,26e1817a72888eefc13b391c2ba5c61f0b74a4c0
af46cafe1c91c17e6357f058b375ad6407d946f9,6197284fdab1923b30ccc8230e8aee3b0fa4e976
afe83c1d9fb772760abc98ad960eca5c293e753e,77929b75eb425f3ee5ac577ab5113309e3a2c90a
b00bab9f460fae542521d79a93f0e0cf89ea6004,03d3fdc8adf00b1024b2565cee96c95a4d406db0
b02096ac2061f392dfef2ff2fd185702a5431ec2,dfd8f70f91e6d0dbba438e6b6d06b419b8cb6cb1
b0564841d02ec3d050e3e01569bd2413deffbbe1,6ea4293322471e8bd50ddb8c8ab3ec67d2802742
b05c7643c6aa5c171aafd8026cc0cc27d3fa4486,50f4702c750e5fdf524d77d619c28899a898b3f9
b0b72a98b5b95aabdc8f1a6a65b4c3acd93c8832,c709f0a3cf53a3e87d9ed8b82da2fb12b52828fc
b298163171ccfc27b7170f6550cd00ddf2bcc9a7,ab564c7935b55964eba2577b1bf6bd5d4bca2106
b2c1b9c19326752e9df6f576cae645919ca21d78,50a8e7b734622da26550babcc32aee094b14d052
b35f2615798aaa199def8b272b748835ab242e6b,e63a8e969beec25a47c6cf3415cf038a0b7633a1
b3817736ecc15f02ae1c213ad936046098c56646,b27a2233d82e4e3a4e499047e607e9d55baaf040
b3be6d441c22d6092574e2fe2ca3f2ef1bfb1901,8c9fce8deb06d4e65a6b1dd7d520a0193b1548c7
b47f5ba055591bcdcf52fb3f9407b24d1e1162a8,8caca5b80fa7b5ff90facb192da4a3720cbf9a3a
b6332f6c1b401c83dd27d63e5b5929c1e56ed42e,1f274e8bbbf22aa7eab62532ba5045f01ae742a4
b6528eb7e2e220431062ecdf48286e34197045e0,b15e9425d71011ec6beb1d7def4caf50c9f8ac2f
b66458df7a78b3ac76310c647db2868eec3946a1,dc2437492b2f4bb661755bfc865e1607f8e407fb
b6d5d87f9f5f0bfbdf034e1fcce8a3c80b818613,15dd7b2f7d2d7a22028bd0e06f2b6a17fbe2a33e
b6e58c62bd96517eac0850de83c556435018aae3,8dba599f3e5490ec8263f7b3d1c7394363cf6075
b7cf496dd3921bc7f7fef6cbf09f8b62a7d27e06,98f3a10ca092e2a7cb5baaa7023209b5def759c5
b87c7654574b1fcbd7c4c27166d4b7338ebda840,4d8ac49113604cb1adaf35b2afcdbc4298bf07d1
b89899d5d62b5e7c4d2a3df2cd1e00152a79df0b,64e4f1e3277aa8a8489a30158dc5a1e44ba54d8c
b8e35ddb6f40595044ddf0917432347c8478993a,f4edcfff3bb456c491e0ccc4cb49da302fc05c9c
ba6fc49afc5ce4b7f3ff2b5cf3d98fb562ba427a,f32aba621253d273c07f9bdffe3c6180ac6b9680
ba9bda91032cb7db690ee5439f0039537310950e,5fd479bb97100d1e366fef62e69ef617f4697702
bb182f333123958daf16453896b50709442065a2,1b876c9ed1e5fd8cfd17554ddde8461855aca572
bb3123f36b4a233cb0c1deace765e4f2ec56192e,8bd08c1d34ae4992c1a79db4452a0b9947c102fd
bb92fcf800978b7513049e473855cc8214eb2dbe,d2fb504833b23253afe4f21072e6faf8cc3f1de9
bbc7abe4fa14d1afd62d4be662f3bb682e9f5954,fc4c5aabe787d7942f35d7257f51d4b4684d0df1
bc0e7af4cf40545a83ae4f3b7a3f8f3dd8996077,2c806236885c2f0fb1c95a6e7e1f78231e0b8ea6
bcecc2723690db560dc6067c9212533db2886350,ff6f4d66d4316160833e4750a953bd1b8cd554a3
becc3e22520ea25520cf3e900bea3bd2def58401,edd6fc03f91d4f0579a686a6f0479e99bc5c8bfa
bee6877aba5a0f46b02072464720e1c31b4f32cc,8a80573571e56118c45ac2be49ec2e24aa84592e
beef38c0ea6444c1df986a21f9f75639223cdaa7,55f8f000cce55785edf0177b82523b7b52753b2e
bfc042bff3532f7c476d6314146db3cb80d80958,aeaac343190372fef77fbf81112ea39d9c98cb41
c0a88a88a3f324d838536f60f1c1575494c4c923,16841fbbd81a9f41e240d8ab0503663500eff87d
c0cd97502c23e4a365227ff037647601d1799c09,bf38acdce6f4bde445dbb93f92346230cbf93a33
c290d7f28451e6986aabfe1850d8627c42c76ae0,157344d9d3b75bce977ff342c20f20906922fa9d
c2db05efea59225dec0cf3d568b1c5fef45e9f71,84e240d46629ab819d728115a6fec627b78133fe
c3af491b59ee0f09ad923c1670bc034183b09358,6e55e416b8d02fca282c987d95446b7c6ddd7b69
c4f21a3e9f90599fbd5b9db805bb604df1628767,be7c6f531b46710dfb0bada665e9079715a89692
c56b81a3531933568103a2faba77eb73a01eb62a,d3a91f982e0d2460a3b7064432472ba814508b07
c63793bc008e8ffdbbcf26147a37159a87609e50,a78d1c0085bd303fbe15bad163a79fe36a9b6916
c651fee6a6ff623b77de19b3737b402d3069f6f4,d50709a66516294cef3ff2c53eb840fa2213d6f3
c664d31eb8808ed88495c985ba6727c223e4baa8,412123efa88d5c5e1671c8f61995595b12063d9d
c71923168fc5c9a68aa95a21c823f5f480f508cf,1676cd6e18f3ae675f2f333f1f53a66e6529c6a2
c77fa249de39d28d325ae2abe34b834944b373ed,4e0a6511147dc71607f44abd85fb9c9b50f97f46
c859214c0a792c45c0d101c3894328b7861f42e5,4beb59a22bc8bbf7ed7f5140a12d3a55e77d0524
c92b39b3fe63869c3a5a6821e8ee1c8f1eb299fe,8085ac3425f2873dc1571fde95de540495f90770
c92f301da0b95d6b16ef251fff699992309b4067,adeb902c9efb5495d6017ed48732062862204575
c965667e17bd865a56deea43ffe1c9f12fb1d46f,b5638e395a046a76b9804ac825dd47a590e8462e
cb67da9057306b3aec7f0c6bf761aee518452ce9,90fba8160370c3f025b8b1d91dde7e292f05a4c1
cd3ede4031cbff5e412e214fb97337d7fb7fc68f,20147468fb94165f24eda54bb57bbbb6e90ac06e
cd718256e60c99923f8b01b5b33fb716cfea7cce,0a5d13a1093b3d1d23cbf3beafab1c1cee5967bb
ce2bd9a8d33531b268cd18d50b4a81e2a268c42d,b98278d848522dbdcf86f693140447fafa6369ae
ce486564d10098dd5d3dc9c04db3c056a0eb882f,b5ea5d96323a68656b5229fc96df6fea92df3fc8
cec12e31fa0ac5fc0c08ae8908af51aca8fcbd11,e0c6f04bf42306e855155de0c79aa7cf1bb85522
d0780d6ec2413f600a72e520810649beea5c2eef,aab90ad220b1cd620c6fd86295a47f3d2ec86d7b
d16b52b21cba330e32c868768b408e2ec7fc1541,d2a6cb10c90932c61052d3ec09f28cf75c1f6308
d18c3d01bd527b7af3ed6aba262c94099982e203,df18f83f83e8f9c3c0bcb41ca425e4837e5c9ea9
d1bf61b9448621cf5c3e32e08dc6ec8beb7b4448,8e537c9389d28710b3d7e42bc24a3baf52669261
d34742d5e0765c38f02ba5f7d5168b8df7a12389,7ac078b9a588acd5fe59ef90b9f99421ee6baf4e
d3e0620ae7e9723d4ad22a1be73a6dad1866e88c,69066a6224532010610dca486389b235b861825a
d42f78e9217980f869fdfbd57a25a3275f1401ab,7f6704119bd6ceb913c8c5d7de7f4e931154fa22
d43de5ffbbfa6716338ea1e51ef2b84f2fe49567,0b345ec2696bb66eaa7a2a0e3ee8d3bacef10ee4
d46def206b665ec8a95495f87781dc32ac10ecf9,e7434a19e2669e8d30b72eeee0ebf6a26fd4d2bf
d476e59269720506f1ddc78efa63c1a85392a5e3,4217f9c57c5411920927c40958c41ba7a08e7a3b
d51db4627da703e4371f6afef69fb3b0af1929fe,fc384102565372c9d4df34bcf238f4d6b97e8556
d54bd06d9a79af7ea4e7099bb3547efe7a0f0c21,fc7c54c8e0295acddda6e33ed8f6d6f15d8e5a24
d6b928427acaa824d6fb4b66a285ae920183b7d2,18783e176bb867dbf5fdc75ee5737da2f5d4d573
d784c9248d68a62fe7b876ea93c4e3e69dbc6c07,5a46e6c2a811661b6875c64331184f1251b7a3df
d7ec22fbfcd7f7ee2d0133320971eed66b2d51d2,df29590849d57f2b8ee15db6b174d52d118808a8
d8011c36a6b12db990ee48bc6a6dd9314c4f69ef,e1a11cc94eca8b8cbd7c183afa3bfd1bd43d31e1
d83840c42c44758db74c67876695efcae6499279,7d52af63aa3850ac68f34410b5ad6229476f79a6
d8554c8d326d9815879e689426147a5f881ad56d,6534cd8f5e5713344a83fb1f812160748ac61885
d8d5a5a008123e1607c963622fb535142076dc80,2c0554d3e52277f7166e7204b7ca0398eac45dff
d8ed5fd07a5d3e34aede93aace731ab2a92845cf,4138c1bf46e3636335d096b314d172214be897b8
d9ec55c338500e231f8a68e1d219bcb33937c999,81045c38598ed9983f828e3ecbc955541daf1034
da6e74ef593b4469b3999ce4bc3cec9c69cff947,9e143823a289288bddc82d9eb5bda427745d9d8c
dad293a671b15b273fcbd5b53dbe1889dad6445e,07b7e986759fe5b2f4c13d7292187039da1aaad8
daf1d89f70987e112b1cd16a84d0fe68b3617291,226139b62a854c21f9783ff6be15950160a6502f
daf363afbbd70e324e14dd30e0a67a976f17ce03,e92bc8991f219cad0f8201f8c145e02275a73c90
db2c4271685780f10b82c498bc3ceb2342d9c863,b04f7e908d8a097289d1a3dedb768b36c5d4b113
dc14054f10ea7154996ed6b53b95d8229b4a87e9,0a54a2dcf4796949c3a7e72afd66c9b9fe0074b9
dc3157bc5720823abe5cd7a6a928c1fdb0eb686c,a15139158a5b23682f581b0ce2054e18e002c112
dc376801ab7fc10a960f3a4a36344213a0a58699,eea663202a907846b80eea945ce24461222a2283
dd21a387f2ebf48be15b6a6fe9120f2978fb4fee,f5bfe88c30fdc665ec449f0ff77b70b45bae1974
ddcea41829c5c10eb95467ebb5c7830b75858b51,c4d6810a0817cb51bd8d462eb632123d2bb153cf
de34e82f287e2e7d841aba6007ab3e73b56004cb,38f65d89c25f6a6f7cc5653c233fad04335b5826
ded4f854d410cbea237b2e750617fcc7b48e2923,c7aa83f721785e036218fa8bada81bc4e6559a6a
dee1ce691deb1508f28d45550f3ae4ba304042c2,109a7000f73b0b32acd103c264a17ef922477988
def6ea3f0a104fde47f84da913b9a4e9d17ff419,f4f56c7d6d71e837a48b36b5248ccdd7a744f8ec
df76cf47aa887f0e2c378cad7daf3070d178eb92,31af728dfc4813572a16bd3f2b89babd614e1884
e03ae69c97ee3c2ed7d8c251a04ca598f46006c2,0a40994df8e7c2ddbeb8ed1212acd57843895823
e090603bbd7b4d1a06826d9f65e42499c40d3faf,5f7854b605f0119030bb9e1fd751bd7d50df848b
e1109a8711b85b2e5f9ac04b04270de61c651d98,3ac5216da5fabe254472f687ba40786d89c303e5
e177760d953e8ff66f3a336969a6a3aa56325938,c4152f4f5630c9b85724e76f486136f14652f3a6
e1f87c0919c0ecb44770e09de895180f36ae0987,c30f9edbd332c25709f31ed93f96da6c0b06fc6d
e2745febec2d8a8af71857aeebcf693441f64ef1,96926150c786a4821749a86ce397896dac948b31
e2c30c682da9a419ca9bccc0b2901bb4a17f325e,c65f46b798075debb9f2dda8386c3737526361a8
e2edd4871cdeb7e92afff395525771a7287ce9f9,eec0def9e57a086305962318e220e79fec5bc655
e2ffafd271f9432b8dc9049e04cd22191113ac9d,4f67f822b3a296519802a7e06be16e7b60cf6891
e3889d964c5c0a60f9e3ce949298e07413ab63d2,e43aebcc56da17065f2016a4b0538a73c68f635e
e3fe00c13e644b8f7746f062baedae67596e2a3e,c3e450c3031b60d77b9bf6df634285380312a2b4
e4b5068021d1e7a470ece439449e3c0ece4d182b,8e68d6fef5fdb3a60a2fed1c7a5951c3782f029a
e5647c80a3842cb7db8a4ebd5c64444e4fbec994,9d4d196d2ee9acf917a5848070bbec8eff52c9a2
e767293b23a1591d8c4705a85451fcce0ecbacbf,868a5c4f250410f55bb91ec44b505e6bdf8b2ee0
e7941711dcb5cdd52e8a6b5b29ac7c74dc5f9f48,2cfb00d4bca612148d092ab95d25c784d0fc17fb
e87f7e23db014db843c3186ebf658f2df28b6e0a,696a24d9b5210a956675df04ba75da976dcc0594
e89e526c4805623cc867e8a58a1baa5130bf26ac,211c44e7af4e8afa584ed582cff364b86aec5b9c
e8b020503a704200c33a00da4fee0d063fbfe20a,c461b8ae00e7885d8c6909ca75f5d8b992194e17
e8cc8ff95fc76c93403b166b755db7c6e4c8e16b,ce607a4432fb61ef5472438d852ca5327bb9cd35
e97fdec8f1987a3d7ec8567c7a877ae39fa16e86,17474eb45b3d27085fb85852353a3b6a673fe2fa
e988e20792f0d92bb34667240e5b0a07d9d8145d,eff1e5599601b669b3e297a5c33cb41e40b25dae
e9a087b1c1172873ff198aaaa146ecae91e228fa,25673fe2910846402db50b049c8bced1b3fa0340
e9d6b2ce22f2f47238152e86433101af9d60bd23,2e516d0397d99b4901113714409a211702fe163d
ea15e95a43c5960ec5cd13fdd4052b8898d445fd,bc364abdf0290b67536ce81d88f4ed205ffe8ffd
ea1fe0a4a05ac4d35c95af3f00c62ee47fe008a3,d555cb84a973b3ac0a1f8c917c18442dd8a6cdcb
eaa4a9c3d745bc0f6ca13c1dfc578af3a1b9f80a,4fe7ea585b6f036d7639c2ddc29093d4bd74d519
eaa9cef2b882718664a3627a1f42b6cce3e80015,7ec907b57e08efbca3f57c67b26e53fee0156c95
eab5b588a0dcf57860d8c8aa512bfc9811d6bf7f,5aceee95e7c6e0f5845856b0406d3dc8660b304d
ead162160d915a0cd248751d56edb276aeb3eb1a,979cfd243edf9a1c451ba95852dc513d67dbf2e2
ec8b7abea6b9d0f0f79e2e10c1582c03db4ab0f7,5f59462c681a538946d8fd489c5eb43982317314
ee11800dc7410c38abdab4eeb1ef211e124c6bb7,81d6116db81e14a349df730ad5864fde50ce9296
ee50ea20d885156867ef5d699995c7106acedefb,a35adc214e8578c57f021790151b806048ad4cc4
eea239fe65d0c3d3b15c26cf157085fd06234382,b292f53b29cfe5722bfd51b78d064f2417733347
eeae9f8c75a7aee923154edffb61accb11524415,1f93c82e3c22150a2044e90805b8d17860a03a01
eeb74c1fff081066b0c55f6254e7d915b30628c0,169f6fbe6f57a9c53ed7ad2cf94f8d3142b4377e
ef01bed91db2b1494490b778e60b76e94c07c9e1,41ce48318de54513264c5199807bc05e731dd4dc
ef18a42e775c0a9dc7cddde998bc1f12cb3a7b7e,0de17a5d678dff16714ccabcddfc0dd81b4b8d6c
ef2813f58b29b3e140ad7d5d3e524b31d04e2ee1,5332455f8ef6884cd8c5a58a15a9ad6a85e30a44
ef307ba6e32e42f33e5827ef57277ae21c76665b,da19d416a26e7aac2d01d211c726e4347f4a8724
ef3dd5434f34792b591460174907ad31b43eedb7,29136122d26d5d21d536ab96cf2fba332536c25f
ef91185ae9d0a9eed051b18fb4552ae00068bc6d,f4422a869eeb23b3d4098d9d2456294b7ca308f9
f0733bf3bd4b868d76d03c49330f626157d76548,5e4c1eb3fe91372630fcf83378bb7ee86ca1d3b8
f18c2702d27d90457b9a0dd5ca787809ddb04dce,ad17fa59ae2f25dcf5494fba6fccc19179b3caa5
f1cd5d2f3142a0a95e53f969bfaedf93beafae47,598c43efa3b10643b80fc58ff7adc3460cf46cc9
f2490ec6a8003dd9d7178f4e0f29508643f11451,05c271677cc28d0ed611a02e4e1d777c79d77325
f3549d54f49b4f25af6ba9b8f63dbaa8ada36e09,0c27e879ac6ae3c5193daee70e642a618c326015
f36e5826a3bbbd1b52bb336c34b82557efaecb6f,f9bef6d8ee54c5ea41ad12e40df91379044d646f
f3a6dcdc3a71a6a93d1d9f51ab047a925a57daa3,175b00b08cebe1218bcd00a9c741ad0e9caacc85
f3cf698587a05a2a785fe8001e7214f58933f0b0,c449cf9eb50e69b7119ff2edc3b1bf4db9eba1ba
f3d44a6f693cdeb07bc07a3aa0f351308864ca78,bf8ea5ccac37829b05dd8b51bd14d31d52674ce0
f3e76bc3e0fdcdd12d7029712dc0143b02c012ce,9785334da50176e9beb01a242a3aaf87b45d81ca
f415a33639714b69fbf2364ac5695db5cc1130c2,9bcf25107345373e6f386f6062926a5a7838c163
f4544376f4c9dc2fa47f511c5c1f5049506bb05b,c70b936759ecdaa583ec4aa0c03be0146e20b3ab
f4cd7a24f6386be41504d4cbc1433702619a1f0e,de3df76d3ecf71e251ec88d511e61ec0977693f4
f502dc6da84d18b1f899da8560078e263061262e,37c2c50e7f277509c7518513127d0d4d2b52be60
f56fbe099c765811bc089a1837fae56c68099d6b,0a47f8598b0973aaa3be942f7bf2a9dce91d574a
f5988a57023b0f1a7b294cdf6507d2629cba043c,c277b3bc09bde7ccabeeac70df98e62dcdcd018a
f626825769fb92de775994c5ef645b09eab8b56f,7c68bf1fc1e315287300c6b7edca04cccfa6e422
f673e98807becb338fd9a3d53475dfe4e275dd08,c292cbe4b44ffd79d0a41a51346407125056daff
f6ac038c3ba001de40ec0cb6a67470c82e29aa8c,d508749e4683fd486b7b8fc0a6f79aaa64987936
f6c30475be7f4da85f7947ddb8913d73a3870628,9c4c8cbc503c8ab5ce58841ea6db975fea492d84
f74833d3bad33e0e4a3255a1d3359efc42937cb6,f5314f448b9f2ac59687d44d6b1d7ada9317d978
f80dad84e9aa4ccafaed5833367c59e4e47f7444,39de6245ef8d3429b8eb55e0214dcbc57d98378a
f9ecff97c5a566d12e9b9e92def3636757ac5f45,ff4d0f30899c663ed9dbe0d4d2d23899a4aaa9fa
fa01008ed3c3b2bf662537c4911514da514fa251,28d7d66acded9081d26609e7b08f81dbc9c91ef0
fa4b0bbc1d88d11f00538eea650f2a93d59af02f,1a45b6aa9385514ab746339adcda755e5f0d212a
fad8f7ea0cf5a814cfe728ba42f07f830d7e383c,de4e4b674656820154e241d9161502be0bb7fbd0
fb1c556598672ca9cfebacb9a7b43e7be502f95d,31986134169db9454a7b9d42e775eca84161e5b0
fb43c95bc0b5ca9f2a0e8231e01693c0f7605db7,0bb85bf7da9e74037caa73ff3e75e1a6c8c56070
fb77861fe9d9d013586f2826df6a4a38716ddb95,337aa3f6490c04fd91ca24ca8e7b159e7f976995
fc30d62ddad0ea5acdb25ed70e50423141a0b4e7,3ea353218c8faffe6e7977914d5ad0d19ccb3075
fc3df4325a7d75ce8bb17bb233a81cd60f6b2ca3,2b13611d616c024844ebd798777b7afd928e3385
fd9a9a8c57f0ffcadcaee13bb2e7c5c5d143996e,9cd505bc8184ea50b50a38cf478220c8480c4f83
fdb82af727452e114e5b7e43877a9d3eaf789856,13e024dae9d8f18436b202cae10b7663e3812fa7
fdc0b621d2360590944defc344a6a147b3b10c47,9a5645580df96504cb21153adb93c4e379145da2
fee63a6892cc64866ffc5eae0fa3ec18615b956a,98642bf5da84525805b41adf371c3a26df12e36e
